id;isbn;title;year;author
B-001;978-0-13-235088-4;Чистий код;2008;Роберт Мартін
B-002;978-0-201-61622-4;Прагматичний програміст;1999;Ендрю Гант
B-003;978-0-13-449416-6;Чиста архітектура;2017;Роберт Мартін
B-004;978-0-596-52068-7;Шаблони проектування;2004;Ерік Фрімен
B-005;978-0-321-12521-7;Рефакторинг;2018;Мартін Фаулер
B-006;978-1-491-95035-7;Розробка веб-застосунків;2020;Девід Фленаган
B-007;978-0-13-597444-5;CLR via C#;2012;Джеффрі Ріхтер
B-008;978-1-61729-453-2;C# in Depth;2019;Джон Скіт
B-009;978-0-13-110362-7;Мова програмування C;1988;Браян Керніган
B-010;978-0-262-03384-8;Вступ до алгоритмів;2009;Томас Кормен
B-011;978-0-13-110362-0;Неповний запис
B-012;978-0-13-110362-1;Книга старовини;давній;Невідомий
B-013;;Книга без ISBN;2021;Автор
